,mean_comments_per_post_on_others_posts,mean_comments_per_post_on_own_posts,std_comments_per_post_on_others_posts,std_comments_per_post_on_own_posts,mean_post_upvote_ratio_on_others_posts,mean_post_upvote_ratio_on_own_posts,std_post_upvote_ratio_on_others_posts,std_post_upvote_ratio_on_own_posts,mean_comment_upvote_score_on_others_posts,mean_comment_upvote_score_on_own_posts,std_comment_upvote_score_on_others_posts,std_comment_upvote_score_on_own_posts,subreddits_participation,new_threads,subreddits_participation_normalized,new_threads_normalized
count,719.0,719.0,719.0,719.0,719.0,719.0,719.0,719.0,719.0,719.0,719.0,719.0,719.0,719.0,719.0,719.0
mean,0.1257800707535514,0.10079514391531232,0.011929774340095104,0.008726305840575873,0.7207297357141994,0.4758530888340676,0.020725356427043994,0.012679609052403146,0.13735283588415245,0.09420079941443876,0.01692166062514213,0.00611336988497768,1.0417246175243393,1.5340751043115437,0.04172461752433936,0.019780559418946065
std,0.16972771053575328,0.1618883754279513,0.03784593951510542,0.035584409781603765,0.2550759526963438,0.3945251787466806,0.05316226724584481,0.0449771816690616,0.048965143922174256,0.07176647706441582,0.01830004383586655,0.014164871952997054,0.20009837926574336,1.7587485896494175,0.20009837926574336,0.06513883665368213
min,0.0,0.0,0.0,0.0,0.0,0.0,0.0,0.0,0.0,0.0,0.0,0.0,1.0,1.0,0.0,0.0
25%,0.017569709294354148,0.0,0.0,0.0,0.5722956883011603,0.0,0.0,0.0,0.1106348707668217,0.0,0.004968991317585541,0.0,1.0,1.0,0.0,0.0
50%,0.05837989205943394,0.03286978508217446,0.0,0.0,0.8127277824502382,0.5517241379310345,0.0,0.0,0.14790854306983336,0.11105874960728872,0.012278254476577762,0.0,1.0,1.0,0.0,0.0
75%,0.16457814445828145,0.13404473276938766,0.0,0.0,0.9208843585324629,0.8636363636363636,0.0,0.0,0.1581623968137126,0.1501831501831502,0.02331670715077857,0.007215609087788125,1.0,1.0,0.0,0.0
max,1.0,1.0,0.41146311554267373,0.42100908393720454,1.0,1.0,0.3744182254320352,0.39433073510714034,1.0,0.3202247191011236,0.18976651287043356,0.1668454202799719,2.0,28.0,1.0,1.0
